baseline_cost_id,baseline_id,cost_id,user_id,cost_value,cost_per_use,cost_dt_begin,cost_dt_end
1,1,1,4,56.00,NULL,2013-10-10 00:00:00,2014-10-19 00:00:00
2,1,2,3,35.00,NULL,2013-01-01 00:00:00,2017-07-31 00:00:00
3,1,3,2,60.00,NULL,2013-02-01 00:00:00,2017-07-01 00:00:00
4,1,4,7,33.00,NULL,2010-07-06 00:00:00,2017-07-30 00:00:00
5,1,5,8,40.00,NULL,2013-01-02 00:00:00,2017-07-01 00:00:00
6,1,6,9,19.00,NULL,2013-01-01 00:00:00,2017-07-01 00:00:00
7,1,7,13,45.00,NULL,2016-03-01 00:00:00,2016-12-31 00:00:00
8,1,8,14,89.00,NULL,2016-03-01 00:00:00,2016-12-31 00:00:00
9,2,1,4,56.00,NULL,2013-10-10 00:00:00,2014-10-19 00:00:00
10,2,2,3,35.00,NULL,2013-01-01 00:00:00,2017-07-31 00:00:00
11,2,3,2,60.00,NULL,2013-02-01 00:00:00,2017-07-01 00:00:00
12,2,4,7,33.00,NULL,2010-07-06 00:00:00,2017-07-30 00:00:00
13,2,5,8,40.00,NULL,2013-01-02 00:00:00,2017-07-01 00:00:00
14,2,6,9,19.00,NULL,2013-01-01 00:00:00,2017-07-01 00:00:00
15,2,7,13,45.00,NULL,2016-03-01 00:00:00,2016-12-31 00:00:00
16,2,8,14,89.00,NULL,2016-03-01 00:00:00,2016-12-31 00:00:00
