id,eap_item_id,size,size_unit
52,79,0,
53,80,0,
55,82,0,
56,83,0,
57,84,0,
58,85,0,
59,86,0,
60,87,90,Slides
61,88,2,documentos de aceite
62,89,3,dispositivos configurados
63,90,4,páginas web
66,93,320,Pontos de Função
67,94,245,Pontos de Função
69,96,292,Pontos de Função
70,97,0,
71,98,87,Pontos de Função
72,99,345,Pontos de Função
73,100,267,Pontos de Função
74,101,4,protótipos de tela
75,102,9,diagramas
76,103,4,páginas
77,104,0,
78,105,0,
79,106,0,
80,107,15,páginas
81,108,5,contratos
82,109,1,planilha de avaliação
83,110,1,planilha de inspeção
84,111,12,páginas
85,112,3,reuniões
86,113,3,páginas
87,114,2,páginas
88,115,1,documento assinado
130,158,0,
131,159,0,
132,160,0,
133,161,0,
154,182,0,
155,183,1,1
156,184,1,1
