id,task_id,effort,effort_unit,duration
6,18,0,0,1
7,20,0,0,1
17,35,0,0,1
26,34,0,0,1
27,44,0,0,1
33,50,0,0,33
45,62,0,0,1
46,63,0,0,1
47,64,0,0,1
48,65,0,0,1
49,66,0,0,11
50,67,5,0,1
51,68,6,0,2
52,69,0,0,3
53,70,0,0,3
54,71,0,0,1
55,72,0,0,1
56,73,0,0,1
57,74,0,0,1
58,75,0,0,1
59,76,0,0,1
60,77,0,0,1
61,78,0,0,1
62,79,0,0,1
63,80,0,0,1
64,81,0,0,1
65,82,0,0,5
66,83,0,0,4
67,84,0,0,9
68,85,0,0,8
69,86,0,0,2
70,87,0,0,6
71,88,0,0,3
72,89,0,0,2
73,90,0,0,2
74,91,0,0,4
75,92,0,0,2
76,93,0,0,5
77,94,0,0,2
78,95,0,0,3
79,96,0,0,2
80,97,0,0,7
81,98,0,0,2
82,99,0,0,2
83,100,0,0,3
84,101,0,0,4
85,102,0,0,1
86,103,0,0,1
87,104,0,0,1
88,105,0,0,1
89,106,0,0,1
101,119,20,0,11
102,120,15,0,7
103,121,15,0,13
104,122,12,2,11
108,126,6,0,1
109,128,128,0,1
110,129,4,0,4
111,130,8,0,8
112,131,8,0,70
