task_log_id,task_log_task,task_log_name,task_log_description,task_log_creator,task_log_hours,task_log_date,task_log_costcode,task_log_problem,task_log_reference,task_log_related_url
1,119,Document project requirements,I have worked in this activity,1,5,2016-03-27 00:15:46,,0,0,NULL
5,119,registering.,registering.,1,3,2016-04-09 00:00:00,,0,0,NULL
6,129,teste,teste,1,0.5,2016-04-08 00:00:00,,0,0,NULL
7,130,teste,teste,1,0.5,2016-04-11 00:00:00,,0,0,NULL
8,130,teste,teste,1,0.5,2016-04-15 00:00:00,,0,0,NULL
9,130,concluída.,concluída.,1,0.5,2016-04-15 00:00:00,,0,0,NULL
21,129,teste,teste,1,0.5,2016-04-12 00:00:00,,0,0,NULL
22,129,teste,teste,1,0.5,2016-04-12 00:00:00,,0,0,NULL
23,129,teste,teste,1,0.5,2016-04-12 00:00:00,,0,0,NULL
25,129,teste3,teste3,1,0.5,2016-04-12 00:00:00,,0,0,NULL
26,130,teste,teste,1,0.5,2016-05-01 00:00:00,,0,0,NULL
27,140,teste,teste,1,0.5,2016-11-10 00:00:00,,0,0,NULL
