mod_id,mod_name,mod_directory,mod_version,mod_setup_class,mod_type,mod_active,mod_ui_name,mod_ui_icon,mod_ui_order,mod_ui_active,mod_description,permissions_item_table,permissions_item_field,permissions_item_label
1,Companies,companies,1.0.0,,core,1,Companies,handshake.png,1,1,,companies,company_id,company_name
2,Projects,projects,1.0.0,,core,1,Projects,applet3-48.png,2,1,,projects,project_id,project_name
3,Tasks,tasks,1.0.0,,core,1,Tasks,applet-48.png,3,1,,tasks,task_id,task_name
4,Calendar,calendar,1.0.0,,core,1,Calendar,myevo-appointments.png,4,1,,events,event_id,event_title
5,Files,files,1.0.0,,core,1,Files,folder5.png,5,1,,files,file_id,file_name
6,Contacts,contacts,1.0.0,,core,1,Contacts,monkeychat-48.png,6,1,,contacts,contact_id,contact_title
7,Forums,forums,1.0.0,,core,1,Forums,support.png,7,1,,forums,forum_id,forum_name
8,Tickets,ticketsmith,1.0.0,,core,1,Tickets,ticketsmith.gif,8,1,,,,
9,User Administration,admin,1.0.0,,core,1,User Admin,helix-setup-users.png,9,1,,users,user_id,user_username
10,System Administration,system,1.0.0,,core,1,System Admin,48_my_computer.png,10,1,,,,
11,Departments,departments,1.0.0,,core,1,Departments,users.gif,11,1,,departments,dept_id,dept_name
12,Help,help,1.0.0,,core,1,Help,dp.gif,12,1,,,,
13,Public,public,1.0.0,,core,1,Public,users.gif,13,0,,,,
14,Closure,closure,1.0.1,SClosure,user,1,Closure,helpdesk.png,13,1,,post_mortem_analysis,pma_id,project_name
15,Communication,communication,1.0,CSetupCommunication,user,1,Communication,applet3-48.png,14,1,Communications Planning,communication,communication_id,communication_name
16,Initiating,initiating,1.0,CSetupInitiating,user,1,Initiating,applet3-48.png,15,1,Initiating process group implementation,NULL,NULL,NULL
17,Stakeholder,stakeholder,1.0,CSetupStakeholder,user,1,Stakeholder,applet3-48.png,16,1,Initiating process group implementation,NULL,NULL,NULL
20,Costs,costs,1.0.1,SSetupCosts,user,1,Costs,costs.png,19,1,Costs Plan,costs,cost_id,cost_name
21,Monitoring and Controlling,monitoringandcontrol,1.0,CSetup_MonitoringAndControl,user,1,Monitoring and Contr,graph-up.png,20,1,Monitoring and Controlling,NULL,NULL,NULL
22,dotProject+,dotproject_plus,1.0,CSetup_dotProjectPlus,user,1,dotProject+,applet3-48.png,21,1,dotProject+,NULL,NULL,NULL
25,Human Resources,human_resources,1.0,SHumanResources,user,1,Human Resources,applet3-48.png,23,1,,NULL,NULL,NULL
26,Risks,risks,1.0,CSetupRisks,user,1,Risks,risks.png,24,1,Risks Plan,NULL,risk_id,risk_name
32,Time Planning,timeplanning,2.0,CSetup_TimePlanning,user,1,Time Planning,applet3-48.png,25,1,Time planning,NULL,NULL,NULL
33,ProjectDesigner,projectdesigner,1.0,projectDesigner,user,1,ProjectDesigner,projectdesigner.jpg,26,1,A module to design projects,NULL,NULL,NULL
34,Scope Planning,scopeplanning,1.0,CSetup_ScopePlanning,user,1,Scope,scope.png,27,1,Scope Planning module,NULL,NULL,NULL
35,Resources,resources,1.0.1,SResource,user,1,Resources,helpdesk.png,28,1,,resources,resource_id,resource_name
36,History,history,0.32,CSetupHistory,user,1,History,,29,1,A module for tracking changes,NULL,NULL,NULL
37,Links,links,1.0,CSetupLinks,user,1,Links,folder5.png,30,1,Links related to tasks,links,link_id,link_name
38,SmartSearch,smartsearch,2.0,SSearchNS,user,1,SmartSearch,kfind.png,31,1,A module to search keywords and find the needle in the haystack,NULL,NULL,NULL
