acl_id,user_id,section,axo,permission,allow,priority,enabled
17,12,users,12,access,1,1,1
17,12,users,12,edit,1,1,1
17,12,users,12,view,1,1,1
12,1,sys,acl,access,1,3,1
12,11,sys,acl,access,1,3,1
16,12,app,users,access,1,3,1
16,12,app,users,view,1,3,1
11,1,app,admin,access,1,4,1
11,1,app,calendar,access,1,4,1
11,1,app,events,access,1,4,1
11,1,app,companies,access,1,4,1
11,1,app,contacts,access,1,4,1
11,1,app,departments,access,1,4,1
11,1,app,files,access,1,4,1
11,1,app,file_folders,access,1,4,1
11,1,app,forums,access,1,4,1
11,1,app,help,access,1,4,1
11,1,app,projects,access,1,4,1
11,1,app,system,access,1,4,1
11,1,app,tasks,access,1,4,1
11,1,app,task_log,access,1,4,1
11,1,app,ticketsmith,access,1,4,1
11,1,app,public,access,1,4,1
11,1,app,roles,access,1,4,1
11,1,app,users,access,1,4,1
11,1,app,closure,access,1,4,1
11,1,app,communication,access,1,4,1
11,1,app,costs,access,1,4,1
11,1,app,monitoringandcontrol,access,1,4,1
11,1,app,dotproject_plus,access,1,4,1
11,1,app,human_resources,access,1,4,1
11,1,app,risks,access,1,4,1
11,1,app,timeplanning,access,1,4,1
11,1,app,projectdesigner,access,1,4,1
11,1,app,scopeplanning,access,1,4,1
11,1,app,resources,access,1,4,1
11,1,app,history,access,1,4,1
11,1,app,links,access,1,4,1
11,1,app,smartsearch,access,1,4,1
11,1,app,admin,add,1,4,1
11,1,app,calendar,add,1,4,1
11,1,app,events,add,1,4,1
11,1,app,companies,add,1,4,1
11,1,app,contacts,add,1,4,1
11,1,app,departments,add,1,4,1
11,1,app,files,add,1,4,1
11,1,app,file_folders,add,1,4,1
11,1,app,forums,add,1,4,1
11,1,app,help,add,1,4,1
11,1,app,projects,add,1,4,1
11,1,app,system,add,1,4,1
11,1,app,tasks,add,1,4,1
11,1,app,task_log,add,1,4,1
11,1,app,ticketsmith,add,1,4,1
11,1,app,public,add,1,4,1
11,1,app,roles,add,1,4,1
11,1,app,users,add,1,4,1
11,1,app,closure,add,1,4,1
11,1,app,communication,add,1,4,1
11,1,app,costs,add,1,4,1
11,1,app,monitoringandcontrol,add,1,4,1
11,1,app,dotproject_plus,add,1,4,1
11,1,app,human_resources,add,1,4,1
11,1,app,risks,add,1,4,1
11,1,app,timeplanning,add,1,4,1
11,1,app,projectdesigner,add,1,4,1
11,1,app,scopeplanning,add,1,4,1
11,1,app,resources,add,1,4,1
11,1,app,history,add,1,4,1
11,1,app,links,add,1,4,1
11,1,app,smartsearch,add,1,4,1
11,1,app,admin,delete,1,4,1
11,1,app,calendar,delete,1,4,1
11,1,app,events,delete,1,4,1
11,1,app,companies,delete,1,4,1
11,1,app,contacts,delete,1,4,1
11,1,app,departments,delete,1,4,1
11,1,app,files,delete,1,4,1
11,1,app,file_folders,delete,1,4,1
11,1,app,forums,delete,1,4,1
11,1,app,help,delete,1,4,1
11,1,app,projects,delete,1,4,1
11,1,app,system,delete,1,4,1
11,1,app,tasks,delete,1,4,1
11,1,app,task_log,delete,1,4,1
11,1,app,ticketsmith,delete,1,4,1
11,1,app,public,delete,1,4,1
11,1,app,roles,delete,1,4,1
11,1,app,users,delete,1,4,1
11,1,app,closure,delete,1,4,1
11,1,app,communication,delete,1,4,1
11,1,app,costs,delete,1,4,1
11,1,app,monitoringandcontrol,delete,1,4,1
11,1,app,dotproject_plus,delete,1,4,1
11,1,app,human_resources,delete,1,4,1
11,1,app,risks,delete,1,4,1
11,1,app,timeplanning,delete,1,4,1
11,1,app,projectdesigner,delete,1,4,1
11,1,app,scopeplanning,delete,1,4,1
11,1,app,resources,delete,1,4,1
11,1,app,history,delete,1,4,1
11,1,app,links,delete,1,4,1
11,1,app,smartsearch,delete,1,4,1
11,1,app,admin,edit,1,4,1
11,1,app,calendar,edit,1,4,1
11,1,app,events,edit,1,4,1
11,1,app,companies,edit,1,4,1
11,1,app,contacts,edit,1,4,1
11,1,app,departments,edit,1,4,1
11,1,app,files,edit,1,4,1
11,1,app,file_folders,edit,1,4,1
11,1,app,forums,edit,1,4,1
11,1,app,help,edit,1,4,1
11,1,app,projects,edit,1,4,1
11,1,app,system,edit,1,4,1
11,1,app,tasks,edit,1,4,1
11,1,app,task_log,edit,1,4,1
11,1,app,ticketsmith,edit,1,4,1
11,1,app,public,edit,1,4,1
11,1,app,roles,edit,1,4,1
11,1,app,users,edit,1,4,1
11,1,app,closure,edit,1,4,1
11,1,app,communication,edit,1,4,1
11,1,app,costs,edit,1,4,1
11,1,app,monitoringandcontrol,edit,1,4,1
11,1,app,dotproject_plus,edit,1,4,1
11,1,app,human_resources,edit,1,4,1
11,1,app,risks,edit,1,4,1
11,1,app,timeplanning,edit,1,4,1
11,1,app,projectdesigner,edit,1,4,1
11,1,app,scopeplanning,edit,1,4,1
11,1,app,resources,edit,1,4,1
11,1,app,history,edit,1,4,1
11,1,app,links,edit,1,4,1
11,1,app,smartsearch,edit,1,4,1
11,1,app,admin,view,1,4,1
11,1,app,calendar,view,1,4,1
11,1,app,events,view,1,4,1
11,1,app,companies,view,1,4,1
11,1,app,contacts,view,1,4,1
11,1,app,departments,view,1,4,1
11,1,app,files,view,1,4,1
11,1,app,file_folders,view,1,4,1
11,1,app,forums,view,1,4,1
11,1,app,help,view,1,4,1
11,1,app,projects,view,1,4,1
11,1,app,system,view,1,4,1
11,1,app,tasks,view,1,4,1
11,1,app,task_log,view,1,4,1
11,1,app,ticketsmith,view,1,4,1
11,1,app,public,view,1,4,1
11,1,app,roles,view,1,4,1
11,1,app,users,view,1,4,1
11,1,app,closure,view,1,4,1
11,1,app,communication,view,1,4,1
11,1,app,costs,view,1,4,1
11,1,app,monitoringandcontrol,view,1,4,1
11,1,app,dotproject_plus,view,1,4,1
11,1,app,human_resources,view,1,4,1
11,1,app,risks,view,1,4,1
11,1,app,timeplanning,view,1,4,1
11,1,app,projectdesigner,view,1,4,1
11,1,app,scopeplanning,view,1,4,1
11,1,app,resources,view,1,4,1
11,1,app,history,view,1,4,1
11,1,app,links,view,1,4,1
11,1,app,smartsearch,view,1,4,1
11,11,app,admin,access,1,4,1
11,11,app,calendar,access,1,4,1
11,11,app,events,access,1,4,1
11,11,app,companies,access,1,4,1
11,11,app,contacts,access,1,4,1
11,11,app,departments,access,1,4,1
11,11,app,files,access,1,4,1
11,11,app,file_folders,access,1,4,1
11,11,app,forums,access,1,4,1
11,11,app,help,access,1,4,1
11,11,app,projects,access,1,4,1
11,11,app,system,access,1,4,1
11,11,app,tasks,access,1,4,1
11,11,app,task_log,access,1,4,1
11,11,app,ticketsmith,access,1,4,1
11,11,app,public,access,1,4,1
11,11,app,roles,access,1,4,1
11,11,app,users,access,1,4,1
11,11,app,closure,access,1,4,1
11,11,app,communication,access,1,4,1
11,11,app,costs,access,1,4,1
11,11,app,monitoringandcontrol,access,1,4,1
11,11,app,dotproject_plus,access,1,4,1
11,11,app,human_resources,access,1,4,1
11,11,app,risks,access,1,4,1
11,11,app,timeplanning,access,1,4,1
11,11,app,projectdesigner,access,1,4,1
11,11,app,scopeplanning,access,1,4,1
11,11,app,resources,access,1,4,1
11,11,app,history,access,1,4,1
11,11,app,links,access,1,4,1
11,11,app,smartsearch,access,1,4,1
11,11,app,admin,add,1,4,1
11,11,app,calendar,add,1,4,1
11,11,app,events,add,1,4,1
11,11,app,companies,add,1,4,1
11,11,app,contacts,add,1,4,1
11,11,app,departments,add,1,4,1
11,11,app,files,add,1,4,1
11,11,app,file_folders,add,1,4,1
11,11,app,forums,add,1,4,1
11,11,app,help,add,1,4,1
11,11,app,projects,add,1,4,1
11,11,app,system,add,1,4,1
11,11,app,tasks,add,1,4,1
11,11,app,task_log,add,1,4,1
11,11,app,ticketsmith,add,1,4,1
11,11,app,public,add,1,4,1
11,11,app,roles,add,1,4,1
11,11,app,users,add,1,4,1
11,11,app,closure,add,1,4,1
11,11,app,communication,add,1,4,1
11,11,app,costs,add,1,4,1
11,11,app,monitoringandcontrol,add,1,4,1
11,11,app,dotproject_plus,add,1,4,1
11,11,app,human_resources,add,1,4,1
11,11,app,risks,add,1,4,1
11,11,app,timeplanning,add,1,4,1
11,11,app,projectdesigner,add,1,4,1
11,11,app,scopeplanning,add,1,4,1
11,11,app,resources,add,1,4,1
11,11,app,history,add,1,4,1
11,11,app,links,add,1,4,1
11,11,app,smartsearch,add,1,4,1
11,11,app,admin,delete,1,4,1
11,11,app,calendar,delete,1,4,1
11,11,app,events,delete,1,4,1
11,11,app,companies,delete,1,4,1
11,11,app,contacts,delete,1,4,1
11,11,app,departments,delete,1,4,1
11,11,app,files,delete,1,4,1
11,11,app,file_folders,delete,1,4,1
11,11,app,forums,delete,1,4,1
11,11,app,help,delete,1,4,1
11,11,app,projects,delete,1,4,1
11,11,app,system,delete,1,4,1
11,11,app,tasks,delete,1,4,1
11,11,app,task_log,delete,1,4,1
11,11,app,ticketsmith,delete,1,4,1
11,11,app,public,delete,1,4,1
11,11,app,roles,delete,1,4,1
11,11,app,users,delete,1,4,1
11,11,app,closure,delete,1,4,1
11,11,app,communication,delete,1,4,1
11,11,app,costs,delete,1,4,1
11,11,app,monitoringandcontrol,delete,1,4,1
11,11,app,dotproject_plus,delete,1,4,1
11,11,app,human_resources,delete,1,4,1
11,11,app,risks,delete,1,4,1
11,11,app,timeplanning,delete,1,4,1
11,11,app,projectdesigner,delete,1,4,1
11,11,app,scopeplanning,delete,1,4,1
11,11,app,resources,delete,1,4,1
11,11,app,history,delete,1,4,1
11,11,app,links,delete,1,4,1
11,11,app,smartsearch,delete,1,4,1
11,11,app,admin,edit,1,4,1
11,11,app,calendar,edit,1,4,1
11,11,app,events,edit,1,4,1
11,11,app,companies,edit,1,4,1
11,11,app,contacts,edit,1,4,1
11,11,app,departments,edit,1,4,1
11,11,app,files,edit,1,4,1
11,11,app,file_folders,edit,1,4,1
11,11,app,forums,edit,1,4,1
11,11,app,help,edit,1,4,1
11,11,app,projects,edit,1,4,1
11,11,app,system,edit,1,4,1
11,11,app,tasks,edit,1,4,1
11,11,app,task_log,edit,1,4,1
11,11,app,ticketsmith,edit,1,4,1
11,11,app,public,edit,1,4,1
11,11,app,roles,edit,1,4,1
11,11,app,users,edit,1,4,1
11,11,app,closure,edit,1,4,1
11,11,app,communication,edit,1,4,1
11,11,app,costs,edit,1,4,1
11,11,app,monitoringandcontrol,edit,1,4,1
11,11,app,dotproject_plus,edit,1,4,1
11,11,app,human_resources,edit,1,4,1
11,11,app,risks,edit,1,4,1
11,11,app,timeplanning,edit,1,4,1
11,11,app,projectdesigner,edit,1,4,1
11,11,app,scopeplanning,edit,1,4,1
11,11,app,resources,edit,1,4,1
11,11,app,history,edit,1,4,1
11,11,app,links,edit,1,4,1
11,11,app,smartsearch,edit,1,4,1
11,11,app,admin,view,1,4,1
11,11,app,calendar,view,1,4,1
11,11,app,events,view,1,4,1
11,11,app,companies,view,1,4,1
11,11,app,contacts,view,1,4,1
11,11,app,departments,view,1,4,1
11,11,app,files,view,1,4,1
11,11,app,file_folders,view,1,4,1
11,11,app,forums,view,1,4,1
11,11,app,help,view,1,4,1
11,11,app,projects,view,1,4,1
11,11,app,system,view,1,4,1
11,11,app,tasks,view,1,4,1
11,11,app,task_log,view,1,4,1
11,11,app,ticketsmith,view,1,4,1
11,11,app,public,view,1,4,1
11,11,app,roles,view,1,4,1
11,11,app,users,view,1,4,1
11,11,app,closure,view,1,4,1
11,11,app,communication,view,1,4,1
11,11,app,costs,view,1,4,1
11,11,app,monitoringandcontrol,view,1,4,1
11,11,app,dotproject_plus,view,1,4,1
11,11,app,human_resources,view,1,4,1
11,11,app,risks,view,1,4,1
11,11,app,timeplanning,view,1,4,1
11,11,app,projectdesigner,view,1,4,1
11,11,app,scopeplanning,view,1,4,1
11,11,app,resources,view,1,4,1
11,11,app,history,view,1,4,1
11,11,app,links,view,1,4,1
11,11,app,smartsearch,view,1,4,1
15,12,app,calendar,access,1,4,1
15,12,app,events,access,1,4,1
15,12,app,companies,access,1,4,1
15,12,app,contacts,access,1,4,1
15,12,app,departments,access,1,4,1
15,12,app,files,access,1,4,1
15,12,app,file_folders,access,1,4,1
15,12,app,forums,access,1,4,1
15,12,app,help,access,1,4,1
15,12,app,projects,access,1,4,1
15,12,app,tasks,access,1,4,1
15,12,app,task_log,access,1,4,1
15,12,app,ticketsmith,access,1,4,1
15,12,app,public,access,1,4,1
15,12,app,closure,access,1,4,1
15,12,app,communication,access,1,4,1
15,12,app,costs,access,1,4,1
15,12,app,monitoringandcontrol,access,1,4,1
15,12,app,dotproject_plus,access,1,4,1
15,12,app,human_resources,access,1,4,1
15,12,app,risks,access,1,4,1
15,12,app,timeplanning,access,1,4,1
15,12,app,projectdesigner,access,1,4,1
15,12,app,scopeplanning,access,1,4,1
15,12,app,resources,access,1,4,1
15,12,app,history,access,1,4,1
15,12,app,links,access,1,4,1
15,12,app,smartsearch,access,1,4,1
15,12,app,calendar,add,1,4,1
15,12,app,events,add,1,4,1
15,12,app,companies,add,1,4,1
15,12,app,contacts,add,1,4,1
15,12,app,departments,add,1,4,1
15,12,app,files,add,1,4,1
15,12,app,file_folders,add,1,4,1
15,12,app,forums,add,1,4,1
15,12,app,help,add,1,4,1
15,12,app,projects,add,1,4,1
15,12,app,tasks,add,1,4,1
15,12,app,task_log,add,1,4,1
15,12,app,ticketsmith,add,1,4,1
15,12,app,public,add,1,4,1
15,12,app,closure,add,1,4,1
15,12,app,communication,add,1,4,1
15,12,app,costs,add,1,4,1
15,12,app,monitoringandcontrol,add,1,4,1
15,12,app,dotproject_plus,add,1,4,1
15,12,app,human_resources,add,1,4,1
15,12,app,risks,add,1,4,1
15,12,app,timeplanning,add,1,4,1
15,12,app,projectdesigner,add,1,4,1
15,12,app,scopeplanning,add,1,4,1
15,12,app,resources,add,1,4,1
15,12,app,history,add,1,4,1
15,12,app,links,add,1,4,1
15,12,app,smartsearch,add,1,4,1
15,12,app,calendar,delete,1,4,1
15,12,app,events,delete,1,4,1
15,12,app,companies,delete,1,4,1
15,12,app,contacts,delete,1,4,1
15,12,app,departments,delete,1,4,1
15,12,app,files,delete,1,4,1
15,12,app,file_folders,delete,1,4,1
15,12,app,forums,delete,1,4,1
15,12,app,help,delete,1,4,1
15,12,app,projects,delete,1,4,1
15,12,app,tasks,delete,1,4,1
15,12,app,task_log,delete,1,4,1
15,12,app,ticketsmith,delete,1,4,1
15,12,app,public,delete,1,4,1
15,12,app,closure,delete,1,4,1
15,12,app,communication,delete,1,4,1
15,12,app,costs,delete,1,4,1
15,12,app,monitoringandcontrol,delete,1,4,1
15,12,app,dotproject_plus,delete,1,4,1
15,12,app,human_resources,delete,1,4,1
15,12,app,risks,delete,1,4,1
15,12,app,timeplanning,delete,1,4,1
15,12,app,projectdesigner,delete,1,4,1
15,12,app,scopeplanning,delete,1,4,1
15,12,app,resources,delete,1,4,1
15,12,app,history,delete,1,4,1
15,12,app,links,delete,1,4,1
15,12,app,smartsearch,delete,1,4,1
15,12,app,calendar,edit,1,4,1
15,12,app,events,edit,1,4,1
15,12,app,companies,edit,1,4,1
15,12,app,contacts,edit,1,4,1
15,12,app,departments,edit,1,4,1
15,12,app,files,edit,1,4,1
15,12,app,file_folders,edit,1,4,1
15,12,app,forums,edit,1,4,1
15,12,app,help,edit,1,4,1
15,12,app,projects,edit,1,4,1
15,12,app,tasks,edit,1,4,1
15,12,app,task_log,edit,1,4,1
15,12,app,ticketsmith,edit,1,4,1
15,12,app,public,edit,1,4,1
15,12,app,closure,edit,1,4,1
15,12,app,communication,edit,1,4,1
15,12,app,costs,edit,1,4,1
15,12,app,monitoringandcontrol,edit,1,4,1
15,12,app,dotproject_plus,edit,1,4,1
15,12,app,human_resources,edit,1,4,1
15,12,app,risks,edit,1,4,1
15,12,app,timeplanning,edit,1,4,1
15,12,app,projectdesigner,edit,1,4,1
15,12,app,scopeplanning,edit,1,4,1
15,12,app,resources,edit,1,4,1
15,12,app,history,edit,1,4,1
15,12,app,links,edit,1,4,1
15,12,app,smartsearch,edit,1,4,1
15,12,app,calendar,view,1,4,1
15,12,app,events,view,1,4,1
15,12,app,companies,view,1,4,1
15,12,app,contacts,view,1,4,1
15,12,app,departments,view,1,4,1
15,12,app,files,view,1,4,1
15,12,app,file_folders,view,1,4,1
15,12,app,forums,view,1,4,1
15,12,app,help,view,1,4,1
15,12,app,projects,view,1,4,1
15,12,app,tasks,view,1,4,1
15,12,app,task_log,view,1,4,1
15,12,app,ticketsmith,view,1,4,1
15,12,app,public,view,1,4,1
15,12,app,closure,view,1,4,1
15,12,app,communication,view,1,4,1
15,12,app,costs,view,1,4,1
15,12,app,monitoringandcontrol,view,1,4,1
15,12,app,dotproject_plus,view,1,4,1
15,12,app,human_resources,view,1,4,1
15,12,app,risks,view,1,4,1
15,12,app,timeplanning,view,1,4,1
15,12,app,projectdesigner,view,1,4,1
15,12,app,scopeplanning,view,1,4,1
15,12,app,resources,view,1,4,1
15,12,app,history,view,1,4,1
15,12,app,links,view,1,4,1
15,12,app,smartsearch,view,1,4,1
