contact_id,contact_first_name,contact_last_name,contact_order_by,contact_title,contact_birthday,contact_job,contact_company,contact_department,contact_type,contact_email,contact_email2,contact_url,contact_phone,contact_phone2,contact_fax,contact_mobile,contact_address1,contact_address2,contact_city,contact_state,contact_zip,contact_country,contact_jabber,contact_icq,contact_msn,contact_yahoo,contact_aol,contact_notes,contact_project,contact_icon,contact_owner,contact_private
1,Admin,Person,,NULL,NULL,NULL,,NULL,NULL,admin@example.com,NULL,NULL,NULL,NULL,NULL,NULL,NULL,NULL,NULL,NULL,NULL,NULL,NULL,NULL,NULL,NULL,NULL,NULL,0,obj/contact,0,0
2,Lula,Molusco,,NULL,NULL,NULL,1,NULL,NULL,NULL,NULL,NULL,NULL,NULL,NULL,NULL,NULL,NULL,NULL,NULL,NULL,NULL,NULL,NULL,NULL,NULL,NULL,NULL,0,obj/contact,0,0
3,Bob,Esponja,,NULL,NULL,NULL,1,NULL,NULL,NULL,NULL,NULL,NULL,NULL,NULL,NULL,NULL,NULL,NULL,NULL,NULL,NULL,NULL,NULL,NULL,NULL,NULL,NULL,0,obj/contact,0,0
4,B,B_Sobrenome,,NULL,NULL,NULL,2,NULL,NULL,NULL,NULL,NULL,NULL,NULL,NULL,NULL,NULL,NULL,NULL,NULL,NULL,NULL,NULL,NULL,NULL,NULL,NULL,NULL,0,obj/contact,0,0
5,A,A_Sobrenome,,NULL,NULL,NULL,2,NULL,NULL,NULL,NULL,NULL,NULL,NULL,NULL,NULL,NULL,NULL,NULL,NULL,NULL,NULL,NULL,NULL,NULL,NULL,NULL,NULL,0,obj/contact,0,0
6,Patrick,C_Sobrenome,,NULL,NULL,NULL,2,NULL,NULL,NULL,NULL,NULL,NULL,NULL,NULL,NULL,NULL,NULL,NULL,NULL,NULL,NULL,NULL,NULL,NULL,NULL,NULL,NULL,0,obj/contact,0,0
7,teste,sobrenome,,NULL,NULL,NULL,,NULL,NULL,NULL,NULL,NULL,NULL,NULL,NULL,NULL,NULL,NULL,NULL,NULL,NULL,NULL,NULL,NULL,NULL,NULL,NULL,NULL,0,obj/contact,0,0
8,Stakeholde,Segundo,,NULL,NULL,NULL,,NULL,NULL,NULL,NULL,NULL,NULL,NULL,NULL,NULL,NULL,NULL,NULL,NULL,NULL,NULL,NULL,NULL,NULL,NULL,NULL,NULL,0,obj/contact,0,0
9,Stakeholder,primeiro,,NULL,NULL,NULL,,NULL,NULL,NULL,NULL,NULL,NULL,NULL,NULL,NULL,NULL,NULL,NULL,NULL,NULL,NULL,NULL,NULL,NULL,NULL,NULL,NULL,0,obj/contact,0,0
10,Patrick,Estrela,,NULL,NULL,NULL,1,NULL,NULL,NULL,NULL,NULL,NULL,NULL,NULL,NULL,NULL,NULL,NULL,NULL,NULL,NULL,NULL,NULL,NULL,NULL,NULL,NULL,0,obj/contact,0,0
11,Gary,Caracol,"Caracol, Gary",,0000-00-00,,1,0,,,,,,,,,,,,,,,,,,,,,0,obj/contact,1,0
12,Sr.,Siriguejo,,NULL,NULL,NULL,1,NULL,NULL,NULL,NULL,NULL,NULL,NULL,NULL,NULL,NULL,NULL,NULL,NULL,NULL,NULL,NULL,NULL,NULL,NULL,NULL,NULL,0,obj/contact,0,0
13,Tio,Chico,,NULL,NULL,NULL,,NULL,NULL,NULL,NULL,NULL,NULL,NULL,NULL,NULL,NULL,NULL,NULL,NULL,NULL,NULL,NULL,NULL,NULL,NULL,NULL,NULL,0,obj/contact,0,0
14,Sandy,Bochecha,,NULL,NULL,NULL,,NULL,NULL,NULL,NULL,NULL,NULL,NULL,NULL,NULL,NULL,NULL,NULL,NULL,NULL,NULL,NULL,NULL,NULL,NULL,NULL,NULL,0,obj/contact,0,0
15,Plankton,Balde de Lixo,,NULL,NULL,NULL,,NULL,NULL,NULL,NULL,NULL,NULL,NULL,NULL,NULL,NULL,NULL,NULL,NULL,NULL,NULL,NULL,NULL,NULL,NULL,NULL,NULL,0,obj/contact,0,0
16,Larry,Salva-vidas,,NULL,NULL,NULL,,NULL,NULL,NULL,NULL,NULL,NULL,NULL,NULL,NULL,NULL,NULL,NULL,NULL,NULL,NULL,NULL,NULL,NULL,NULL,NULL,NULL,0,obj/contact,0,0
17,Ciclano,beltrano,,NULL,NULL,NULL,2,NULL,NULL,NULL,NULL,NULL,NULL,NULL,NULL,NULL,NULL,NULL,NULL,NULL,NULL,NULL,NULL,NULL,NULL,NULL,NULL,NULL,0,obj/contact,0,0
18,patrocinador,x,,NULL,NULL,NULL,,NULL,NULL,NULL,NULL,NULL,NULL,NULL,NULL,NULL,NULL,NULL,NULL,NULL,NULL,NULL,NULL,NULL,NULL,NULL,NULL,NULL,0,obj/contact,0,0
19,admin,EN,,NULL,NULL,NULL,0,NULL,NULL,admin_en@dp.com,NULL,NULL,NULL,NULL,NULL,NULL,NULL,NULL,NULL,NULL,NULL,NULL,NULL,NULL,NULL,NULL,NULL,NULL,0,obj/contact,1,0
20,Group,1,,NULL,NULL,NULL,0,NULL,NULL,g1@dpp.com,NULL,NULL,NULL,NULL,NULL,NULL,NULL,NULL,NULL,NULL,NULL,NULL,NULL,NULL,NULL,NULL,NULL,NULL,0,obj/contact,11,0
21,Sponge,Bob,,NULL,NULL,NULL,4,NULL,NULL,NULL,NULL,NULL,NULL,NULL,NULL,NULL,NULL,NULL,NULL,NULL,NULL,NULL,NULL,NULL,NULL,NULL,NULL,NULL,0,obj/contact,0,0
22,Patrick,Star,,NULL,NULL,NULL,4,NULL,NULL,NULL,NULL,NULL,NULL,NULL,NULL,NULL,NULL,NULL,NULL,NULL,NULL,NULL,NULL,NULL,NULL,NULL,NULL,NULL,0,obj/contact,0,0
23,Mr,Plankton,,NULL,NULL,NULL,,NULL,NULL,NULL,NULL,NULL,NULL,NULL,NULL,NULL,NULL,NULL,NULL,NULL,NULL,NULL,NULL,NULL,NULL,NULL,NULL,NULL,0,obj/contact,0,0
24,Goku,SS,,NULL,NULL,NULL,3,NULL,NULL,NULL,NULL,NULL,NULL,NULL,NULL,NULL,NULL,NULL,NULL,NULL,NULL,NULL,NULL,NULL,NULL,NULL,NULL,NULL,0,obj/contact,0,0
25,Vedita,SS,,NULL,NULL,NULL,3,NULL,NULL,NULL,NULL,NULL,NULL,NULL,NULL,NULL,NULL,NULL,NULL,NULL,NULL,NULL,NULL,NULL,NULL,NULL,NULL,NULL,0,obj/contact,0,0
26,teste,-,,NULL,NULL,NULL,,NULL,NULL,NULL,NULL,NULL,NULL,NULL,NULL,NULL,NULL,NULL,NULL,NULL,NULL,NULL,NULL,NULL,NULL,NULL,NULL,NULL,0,obj/contact,0,0
27,Aluno 1,BSI18,,NULL,NULL,NULL,6,NULL,NULL,NULL,NULL,NULL,NULL,NULL,NULL,NULL,NULL,NULL,NULL,NULL,NULL,NULL,NULL,NULL,NULL,NULL,NULL,NULL,0,obj/contact,0,0
28,Aluno 2,BSI18,,NULL,NULL,NULL,6,NULL,NULL,NULL,NULL,NULL,NULL,NULL,NULL,NULL,NULL,NULL,NULL,NULL,NULL,NULL,NULL,NULL,NULL,NULL,NULL,NULL,0,obj/contact,0,0
30,Andre Fabiano de,Moraes,Andre,,0000-00-00,Sr.,7,0,,,,,,,,,,,,,,,,,,,,,0,obj/contact,1,0
31,Moraes -AF.,Moraes,Moraes,,1971-02-23,Sr.,1,0,,andre.moraes@ifc.edu.br,,,47 21040800,47 21040804,,47 999812970,"Rua Joaquim Garcia, s/n",,Camboriú,SC,88340-000,Brasil,,,,,,.,0,obj/contact,1,0
32,Diretor da Empresa - CEO,CEO,,NULL,NULL,NULL,,NULL,NULL,NULL,NULL,NULL,NULL,NULL,NULL,NULL,NULL,NULL,NULL,NULL,NULL,NULL,NULL,NULL,NULL,NULL,NULL,NULL,0,obj/contact,0,0
33,Aluno  TSI2026,Teste,,NULL,NULL,NULL,1,NULL,NULL,NULL,NULL,NULL,NULL,NULL,NULL,NULL,NULL,NULL,NULL,NULL,NULL,NULL,NULL,NULL,NULL,NULL,NULL,NULL,0,obj/contact,0,0
