cost_id,user_id,cost_value,cost_per_use,cost_dt_begin,cost_dt_end
1,4,56.00,,"2013-10-10 00:00:00","2014-10-19 00:00:00"
2,3,35.00,,"2013-01-01 00:00:00","2017-07-31 00:00:00"
3,2,60.00,,"2013-02-01 00:00:00","2017-07-01 00:00:00"
4,7,33.00,,"2010-07-06 00:00:00","2017-07-30 00:00:00"
5,8,40.00,,"2013-01-02 00:00:00","2017-07-01 00:00:00"
6,9,19.00,,"2013-01-01 00:00:00","2017-07-01 00:00:00"
7,13,45.00,,"2016-03-01 00:00:00","2016-12-31 00:00:00"
8,14,89.00,,"2016-03-01 00:00:00","2016-12-31 00:00:00"
9,21,70.50,,"2025-10-01 00:00:00","2025-10-31 00:00:00"
