baseline_task_id,baseline_id,task_id,task_start_date,task_duration,task_duration_type,task_hours_worked,task_end_date,task_percent_complete
1,1,21,"2014-10-14 00:00:00",1,24,0,"2014-10-14 00:00:00",50
2,1,22,"2014-10-14 00:00:00",1,24,0,"2014-10-14 00:00:00",0
3,1,23,"2014-10-14 00:00:00",1,24,0,"2014-10-14 00:00:00",0
4,1,24,"2014-10-14 00:00:00",1,24,0,"2014-10-14 00:00:00",0
5,1,25,"2014-10-14 00:00:00",4,24,0,"2014-10-17 00:00:00",0
6,1,27,"2014-10-15 00:00:00",5,24,0,"2014-10-19 00:00:00",0
7,1,29,"2014-10-16 00:00:00",1,24,0,"2014-10-16 00:00:00",100
8,1,30,"2014-10-16 00:00:00",1,24,0,"2014-10-16 00:00:00",0
9,1,31,"2014-10-20 00:00:00",1,24,0,"2014-10-20 00:00:00",0
10,1,36,"2015-06-25 00:00:00",5,24,0,"2015-06-29 00:00:00",0
11,1,37,"2015-06-30 00:00:00",0,1,0,"2015-06-30 00:00:00",0
12,1,38,"2015-07-01 00:00:00",1,24,0,"2015-07-01 00:00:00",100
13,1,40,"2015-07-20 00:00:00",1,24,0,"2015-07-20 00:00:00",0
14,1,41,"2015-07-20 00:00:00",1,24,0,"2015-07-20 00:00:00",0
15,1,51,"2015-08-01 00:00:00",1,24,0,"2015-08-01 00:00:00",0
16,2,119,"2016-03-27 00:00:00",11,24,0,"2016-04-07 00:00:00",100
17,2,120,"2016-04-09 00:00:00",7,24,0,"2016-04-15 00:00:00",100
18,2,121,"2016-03-14 00:00:00",13,24,0,"2016-03-26 00:00:00",50
19,2,122,"2016-04-17 00:00:00",11,24,0,"2016-04-27 00:00:00",50
20,2,126,"2016-03-15 00:00:00",1,24,0,"2016-03-15 00:00:00",0
21,2,127,"2016-03-30 00:00:00",0,1,0,"2016-03-30 00:00:00",0
