config_id,config_name,config_value,config_group,config_type
1,host_locale,en,ui,text
2,check_overallocation,false,tasks,checkbox
3,currency_symbol,R$,ui,text
4,host_style,default,ui,text
5,company_name,IFC,ui,text
6,page_title,dotProject+,ui,text
7,site_domain,example.com,ui,text
8,email_prefix,[dotProject],ui,text
9,admin_username,admin,ui,text
10,username_min_len,4,auth,text
11,password_min_len,4,auth,text
12,enable_gantt_charts,true,tasks,checkbox
13,log_changes,false,,checkbox
14,check_task_dates,true,tasks,checkbox
15,check_task_empty_dynamic,false,tasks,checkbox
16,locale_warn,false,ui,checkbox
17,locale_alert,^,ui,text
18,daily_working_hours,8,tasks,text
19,display_debug,false,ui,checkbox
20,link_tickets_kludge,false,tasks,checkbox
21,show_all_task_assignees,false,tasks,checkbox
22,direct_edit_assignment,false,tasks,checkbox
23,restrict_color_selection,false,ui,checkbox
24,cal_day_view_show_minical,true,calendar,checkbox
25,cal_day_start,8,calendar,text
26,cal_day_end,17,calendar,text
27,cal_day_increment,15,calendar,text
28,cal_working_days,"1,2,3,4,5",calendar,text
29,restrict_task_time_editing,false,tasks,checkbox
30,default_view_m,projects,ui,text
31,default_view_a,index,ui,text
32,default_view_tab,1,ui,text
33,index_max_file_size,-1,file,text
34,session_handling,app,session,select
35,session_idle_time,2d,session,text
36,session_max_lifetime,1m,session,text
37,debug,1,,text
38,parser_default,/usr/bin/strings,file,text
39,parser_application/msword,/usr/bin/strings,file,text
40,parser_text/html,/usr/bin/strings,file,text
41,parser_application/pdf,/usr/bin/pdftotext,file,text
42,files_ci_preserve_attr,true,file,checkbox
43,files_show_versions_edit,false,file,checkbox
44,auth_method,sql,auth,select
45,ldap_host,localhost,ldap,text
46,ldap_port,389,ldap,text
47,ldap_version,3,ldap,text
48,ldap_base_dn,"dc=saki,dc=com,dc=au",ldap,text
49,ldap_user_filter,(uid=%USERNAME%),ldap,text
50,postnuke_allow_login,true,auth,checkbox
51,reset_memory_limit,32M,tasks,text
52,mail_transport,php,mail,select
53,mail_host,localhost,mail,text
54,mail_port,25,mail,text
55,mail_auth,false,mail,checkbox
56,mail_user,,mail,text
57,mail_pass,,mail,password
58,mail_defer,false,mail,checkbox
59,mail_timeout,30,mail,text
60,session_gc_scan_queue,false,session,checkbox
61,task_reminder_control,false,task_reminder,checkbox
62,task_reminder_days_before,1,task_reminder,text
63,task_reminder_repeat,100,task_reminder,text
64,gacl_cache,false,gacl,checkbox
65,gacl_expire,true,gacl,checkbox
66,gacl_cache_dir,/tmp,gacl,text
67,gacl_timeout,600,gacl,text
68,mail_smtp_tls,false,mail,checkbox
69,ldap_search_user,Manager,ldap,text
70,ldap_search_pass,secret,ldap,password
71,ldap_allow_login,true,ldap,checkbox
72,user_contact_inactivate,true,auth,checkbox
73,user_contact_activate,false,auth,checkbox
74,task_reminder_batch,false,task_reminder,checkbox
