human_resource_id,human_resource_user_id,human_resource_lattes_url,human_resource_mon,human_resource_tue,human_resource_wed,human_resource_thu,human_resource_fri,human_resource_sat,human_resource_sun
1,2,http://lattes.cnpq.br/lula_molusco,0,4,4,4,4,4,0
2,3,http://lattes.cnpq.br/bob_esponja,0,8,8,8,8,8,0
3,5,,,,,,,,
4,4,,,,,,,,
5,6,,,,,,,,
6,7,http://lattes.cnpq.br/patrick,0,6,6,6,6,6,0
7,8,http://lattes.cnpq.br/gary,0,4,4,4,4,4,0
8,9,http://lattes.cnpq.br/siriguejo,0,5,8,5,8,5,0
9,13,spongebob.com,0,8,8,8,8,8,0
10,14,,0,8,8,8,8,8,0
11,16,,,,,,,,
12,15,,,,,,,,
13,17,linkdin,0,8,8,8,8,8,0
