tabela,linhas_dotproject_plus_legado,linhas_dotproject_sharp_proposto,status_comparativo
dotp_acquisition_execution,0,0,Vazia em ambos
dotp_acquisition_planning,3,3,Comum a ambos
dotp_acquisition_planning_criteria,6,6,Comum a ambos
dotp_acquisition_planning_requirements,4,4,Comum a ambos
dotp_acquisition_planning_roles,5,5,Comum a ambos
dotp_billingcode,0,0,Vazia em ambos
dotp_budget,2,2,Comum a ambos
dotp_budget_reserve,5,5,Comum a ambos
dotp_common_notes,0,0,Vazia em ambos
dotp_communication,7,7,Comum a ambos
dotp_communication_channel,4,4,Comum a ambos
dotp_communication_frequency,8,8,Comum a ambos
dotp_communication_issuing,7,7,Comum a ambos
dotp_communication_receptor,12,12,Comum a ambos
dotp_companies,8,7,Comum a ambos
dotp_company_policies,2,2,Comum a ambos
dotp_company_role,13,13,Comum a ambos
dotp_config,74,74,Comum a ambos
dotp_config_list,7,7,Comum a ambos
dotp_contacts,32,30,Comum a ambos
dotp_costs,29,23,Comum a ambos
dotp_custom_fields_lists,0,0,Vazia em ambos
dotp_custom_fields_struct,0,0,Vazia em ambos
dotp_custom_fields_values,0,0,Vazia em ambos
dotp_departments,0,0,Vazia em ambos
dotp_dotpermissions,467,467,Comum a ambos
dotp_dpversion,1,1,Comum a ambos
dotp_eap_item_estimations,40,38,Comum a ambos
dotp_event_queue,0,0,Vazia em ambos
dotp_events,0,0,Vazia em ambos
dotp_file_folders,0,0,Vazia em ambos
dotp_files,0,0,Vazia em ambos
dotp_files_index,0,0,Vazia em ambos
dotp_forum_messages,0,0,Vazia em ambos
dotp_forum_visits,0,0,Vazia em ambos
dotp_forum_watch,0,0,Vazia em ambos
dotp_forums,0,0,Vazia em ambos
dotp_gacl_acl,8,8,Comum a ambos
dotp_gacl_acl_sections,2,2,Comum a ambos
dotp_gacl_acl_seq,1,1,Comum a ambos
dotp_gacl_aco,6,6,Comum a ambos
dotp_gacl_aco_map,20,20,Comum a ambos
dotp_gacl_aco_sections,2,2,Comum a ambos
dotp_gacl_aco_sections_seq,1,1,Comum a ambos
dotp_gacl_aco_seq,1,1,Comum a ambos
dotp_gacl_aro,21,20,Comum a ambos
dotp_gacl_aro_groups,5,5,Comum a ambos
dotp_gacl_aro_groups_id_seq,1,1,Comum a ambos
dotp_gacl_aro_groups_map,8,8,Comum a ambos
dotp_gacl_aro_map,1,1,Comum a ambos
dotp_gacl_aro_sections,1,1,Comum a ambos
dotp_gacl_aro_sections_seq,1,1,Comum a ambos
dotp_gacl_aro_seq,1,1,Comum a ambos
dotp_gacl_axo,36,36,Comum a ambos
dotp_gacl_axo_groups,4,4,Comum a ambos
dotp_gacl_axo_groups_id_seq,1,1,Comum a ambos
dotp_gacl_axo_groups_map,4,4,Comum a ambos
dotp_gacl_axo_map,3,3,Comum a ambos
dotp_gacl_axo_sections,8,8,Comum a ambos
dotp_gacl_axo_sections_seq,1,1,Comum a ambos
dotp_gacl_axo_seq,1,1,Comum a ambos
dotp_gacl_groups_aro_map,3,3,Comum a ambos
dotp_gacl_groups_axo_map,64,64,Comum a ambos
dotp_gacl_phpgacl,2,2,Comum a ambos
dotp_history,0,0,Vazia em ambos
dotp_human_resource,15,13,Comum a ambos
dotp_human_resource_allocation,22,19,Comum a ambos
dotp_human_resource_performance,0,0,Exclusiva dotProject#
dotp_human_resource_roles,18,15,Comum a ambos
dotp_human_resource_skills,0,4,Exclusiva dotProject#
dotp_human_resources_role,13,13,Comum a ambos
dotp_initiating,7,7,Comum a ambos
dotp_initiating_stakeholder,13,12,Comum a ambos
dotp_links,0,0,Vazia em ambos
dotp_modules,29,29,Comum a ambos
dotp_monitoring_baseline,2,2,Comum a ambos
dotp_monitoring_baseline_task,21,21,Comum a ambos
dotp_monitoring_baseline_task_log,2,2,Comum a ambos
dotp_monitoring_baseline_user_cost,16,16,Comum a ambos
dotp_monitoring_change_request,0,0,Vazia em ambos
dotp_monitoring_meeting,0,0,Vazia em ambos
dotp_monitoring_meeting_item,18,18,Comum a ambos
dotp_monitoring_meeting_item_select,0,0,Vazia em ambos
dotp_monitoring_meeting_item_senior,0,0,Vazia em ambos
dotp_monitoring_meeting_item_tasks_delivered,0,0,Vazia em ambos
dotp_monitoring_meeting_type,5,5,Comum a ambos
dotp_monitoring_meeting_user,0,0,Vazia em ambos
dotp_monitoring_quality,0,0,Vazia em ambos
dotp_monitoring_quality_status,3,3,Comum a ambos
dotp_monitoring_quality_type,3,3,Comum a ambos
dotp_monitoring_responsibility_matriz,0,0,Vazia em ambos
dotp_monitoring_user_cost,10,9,Comum a ambos
dotp_need_for_training,3,2,Comum a ambos
dotp_permissions,1,1,Comum a ambos
dotp_post_mortem_analysis,0,0,Vazia em ambos
dotp_project_contacts,0,0,Vazia em ambos
dotp_project_departments,0,0,Vazia em ambos
dotp_project_designer_options,0,0,Vazia em ambos
dotp_project_eap_items,40,38,Comum a ambos
dotp_project_ear_items,12,12,Comum a ambos
dotp_project_minutes,3,1,Comum a ambos
dotp_project_tasks_estimated_roles,23,20,Comum a ambos
dotp_project_tasks_estimations,60,57,Comum a ambos
dotp_projects,3,2,Comum a ambos
dotp_quality_assurance_item,5,5,Comum a ambos
dotp_quality_control_analiysis_question,4,4,Comum a ambos
dotp_quality_control_goal,3,3,Comum a ambos
dotp_quality_control_metric,8,8,Comum a ambos
dotp_quality_control_requirement,4,4,Comum a ambos
dotp_quality_planning,2,2,Comum a ambos
dotp_raci,0,0,Exclusiva dotProject#
dotp_resource_tasks,0,0,Vazia em ambos
dotp_resource_types,3,3,Comum a ambos
dotp_resources,0,0,Vazia em ambos
dotp_risks,12,12,Comum a ambos
dotp_risks_management_plan,3,3,Comum a ambos
dotp_roles,0,0,Vazia em ambos
dotp_scope_requirement_categories,2,2,Comum a ambos
dotp_scope_requirement_priorities,3,3,Comum a ambos
dotp_scope_requirement_status,5,5,Comum a ambos
dotp_scope_requirements,3,1,Comum a ambos
dotp_scope_requirements_managplan,1,0,Comum a ambos
dotp_scope_statement,1,0,Comum a ambos
dotp_sessions,75,64,Comum a ambos
dotp_skills,0,4,Exclusiva dotProject#
dotp_syskeys,3,3,Comum a ambos
dotp_sysvals,27,27,Comum a ambos
dotp_task_contacts,0,0,Vazia em ambos
dotp_task_departments,0,0,Vazia em ambos
dotp_task_dependencies,57,57,Comum a ambos
dotp_task_log,12,12,Comum a ambos
dotp_task_minute_members,4,2,Comum a ambos
dotp_tasks,67,64,Comum a ambos
dotp_tasks_mdp,12,12,Comum a ambos
dotp_tasks_workpackages,67,64,Comum a ambos
dotp_tickets,0,0,Vazia em ambos
dotp_user_access_log,178,174,Comum a ambos
dotp_user_events,0,0,Vazia em ambos
dotp_user_preferences,15,15,Comum a ambos
dotp_user_roles,0,0,Vazia em ambos
dotp_user_task_pin,0,0,Vazia em ambos
dotp_user_tasks,25,22,Comum a ambos
dotp_users,21,20,Comum a ambos
dotp_wbs_dictionary,39,37,Comum a ambos
migrations,0,4,Exclusiva dotProject#
