ID;Fonte;Consulta_ID;Título;Autores;Ano;DOI/URL;Tipo;Idioma;Duplicado;Motivo_Duplicidade;Triagem;Motivo_Exclusao_Triagem;Texto_Completo_Localizado;Texto_Completo_Avaliado;Motivo_Exclusao_Elegibilidade;Incluído;Motivo
001;IEEE Xplore;IEEE-01;People and Management Debt in ML-Integrated Software Projects: Structuring Industry Insights;"DAYAN-AKMAN, P.; ÖZCAN-TOP, Ö.; TEMIZEL, T. T.";2025;10.1109/ACCESS.2025.3595609;Journal;Inglês;Não;—;Sim;—;Sim;Sim;—;Sim;"— (Atende integralmente a CI1, CI2, CI3 e CI4; formaliza o conceito de Management Debt)"
002;IEEE Xplore;IEEE-01;Simulation of Software Development Team Productivity Incorporating Social and Human Factors: A System Dynamics Model;"RESTREPO-TAMAYO, L. M.; GASCA-HURTADO, G. P.; VALENCIA-CALVO, J.";2025;10.1109/ACCESS.2025.3527330;Journal;Inglês;Não;—;Sim;—;Sim;Sim;—;Sim;"— (Atende a CI1, CI2 e CI4; comprova limitações de modelos mecanicistas de horas)"
003;SciELO;SC5;Ferramentas de Gerenciamento de Projetos: Análise Crítica, Tendências Tecnológicas e Perspectivas para a Prática Profissional;SILVA, I. S. et al.;2025;10.36557/2009-3578.2025v11n2p8511-8532;Artigo;Português;Não;—;Sim;—;Sim;Sim;—;Sim;"— (Atende a CI1, CI2 e CI4; aborda plataformas modernas, microsserviços e módulos de RH)"
004;SciELO;SC6;Gestão de Pessoas e de Projetos: Perspectivas de Pesquisa;"MATOS, J. A.; CINTRA, R. F.";2023;10.22277/rego.v8i1.7820;Artigo;Português;Não;—;Sim;—;Sim;Sim;—;Sim;"— (Atende a CI1, CI2 e CI3; fundamenta o modelo de competências CHA contra visão puramente instrumental)"
005;Google Acadêmico;GS2;Ferramentas de gestão de projetos para o desenvolvimento de softwares: uma pesquisa survey;"CÉSAR, F. I. G.; MARTINS JUNIOR, A. S.; MAKIYA, I. K.";2024;10.47820/recima21.v5i4.5064;Artigo;Português;Não;—;Sim;—;Sim;Sim;—;Sim;"— (Atende a CI1 e CI2; mapeia o uso de ferramentas de GP no ecossistema de software brasileiro)"
006;Google Acadêmico;GS1;Competencies: An Exploratory Analysis of Performance Evaluations Results;"FARIAS, J. S. C.; MORAES, A. F.; LEITHARDT, V. R. Q.; BLAS, H. S. S.; SILVA, L. A.";2022;10.1007/978-3-031-14859-0_29;Conference Paper;Inglês;Não;—;Sim;—;Sim;Sim;—;Sim;"— (Atende a CI1, CI2 e CI3; embasa a taxonomia de níveis de competência no módulo CHA)"
007;Repositório Fatec SJC;REP-01;Gestão de Projetos Utilizando PMBOK e 3D Experience;"KINOSHITA, L.; LIRA, Y. C.";2024;https://ric.cps.sp.gov.br/handle/123456789/25651;Monografia;Português;Não;—;Sim;—;Sim;Sim;—;Sim;"— (Atende a CI1 e CI3; analisa complexidade de softwares corporativos fechados em contraste com PMBOK)"
008;IFC / Pergamum;IFC1;Mapping Changes in Procurement Management for Project Implementation in the Food Sector: An Applied Review to the Principles PMBOK®Guide v.7 with DotProject+;"MAGALHÃES, J. R.; MORAES, A. F.; SILVA, L. A.";2024;10.1007/978-3-031-66635-3_5;Conference / Artigo;Inglês;Não;—;Sim;—;Sim;Sim;—;Sim;"— (Atende a CI1, CI2 e CI3; aplica princípios do PMBOK v7 ao ecossistema DotProject+)"
009;Unilasalle;UL4;Gestão de Equipes: Potencialidades e Desafios da Gestão de Projetos;"ALTMANN, I. F.; SCHOLZ, R. H.; JUNG, H. S.";2022;https://repositorio.unilasalle.edu.br/handle/11690/3190;Artigo;Português;Não;—;Sim;—;Sim;Sim;—;Sim;"— (Atende a CI1, CI2 e CI3; detalha gargalos de gestão em planilhas e conflitos de sobrecarga de equipes)"
010;UFPB;PB3;O papel das relações humanas na gestão de projetos;SPADIM, A. D.;2022;Repositório Institucional UFPB;Monografia;Português;Não;—;Sim;—;Sim;Sim;—;Sim;"— (Atende a CI1, CI2 e CI3; analisa fatores motivacionais e comportamentais na alocação de equipes)"
011;UFSC;UF-HIST;Evolução da Ferramenta dotProject para o Planejamento de Recursos Humanos;WRASSE, D. L.;2012;https://repositorio.ufsc.br/handle/123456789/120635;TCC Graduação;Português;Não;—;Sim;—;Sim;Sim;—;Sim;"— (Estudo seminal clássico pré-2018 previsto no protocolo; marco histórico de RH no dotProject)"
012;UFSC;UF-HIST;Análise dos desafios estratégicos referentes à área de recursos humanos das microempresas do Bairro Trindade;OLIVEIRA, R. C.;2010;https://repositorio.ufsc.br/handle/123456789/120635;TCC Graduação;Português;Não;—;Sim;—;Sim;Sim;—;Sim;"— (Estudo seminal clássico pré-2018 previsto no protocolo; evidencia carência de ferramentas de RH em MPEs)"
013;SciELO;SC7;Gestão de Pessoas e de Projetos: Perspectivas de Pesquisa;"MATOS, J. A.; CINTRA, R. F.";2023;10.22277/rego.v8i1.7820;Artigo;Português;Sim;Duplicata interna do SciELO (já recuperado em SC6);—;—;—;—;—;Não;Duplicado
014;Google Acadêmico;GS1;People and Management Debt in ML-Integrated Software Projects: Structuring Industry Insights;"DAYAN-AKMAN, P.; ÖZCAN-TOP, Ö.; TEMIZEL, T. T.";2025;10.1109/ACCESS.2025.3595609;Journal;Inglês;Sim;Duplicata inter-bases (já recuperado no IEEE Xplore em IEEE-01);—;—;—;—;—;Não;Duplicado
015;Google Acadêmico;GS2;Ferramentas de Gerenciamento de Projetos: Análise Crítica, Tendências Tecnológicas e Perspectivas para a Prática Profissional;SILVA, I. S. et al.;2025;10.36557/2009-3578.2025v11n2p8511-8532;Artigo;Português;Sim;Duplicata inter-bases (já recuperado no SciELO em SC5);—;—;—;—;—;Não;Duplicado
016;Google Acadêmico;GS2;Competencies: An Exploratory Analysis of Performance Evaluations Results;FARIAS, J. S. C. et al.;2022;10.1007/978-3-031-14859-0_29;Conference;Inglês;Sim;Duplicata interna do Google Acadêmico (indexado em GS1 e GS2);—;—;—;—;—;Não;Duplicado
017;UFSC;UF4;Gestão de projetos e o alinhamento com metodologias ágeis em equipes remotas;SANTOS, M. R.;2023;Repositório Institucional UFSC;TCC;Português;Sim;Duplicata interna UFSC (já recuperado em UF2);—;—;—;—;—;Não;Duplicado
018;IEEE Xplore;IEEE-01;Financial Cost Estimation in Agile Projects Using Fuzzy Neural Networks;"KUMAR, A.; SHARMA, P.";2023;10.1109/ACCESS.2023.1092831;Journal;Inglês;Não;—;Não;CE2: Foco estritamente financeiro/contábil/matemático sem interface com software de gestão ou RH;—;—;—;Não;Fora do escopo (CE2: Modelo puramente financeiro)
019;IEEE Xplore;IEEE-01;Lean Project Management Applied to Highway Infrastructure Construction;"ZHANG, L.; WANG, Y.";2022;10.1109/ICIEA.2022.9824112;Conference;Inglês;Não;—;Não;CE3: Engenharia civil/pesada sem contexto de software/TI;—;—;—;Não;Fora do escopo (CE3: Construção civil)
020;SciELO;SC1;Gestão de Recursos Humanos na Cadeia Produtiva da Mineração de Carvão;"ALMEIDA, R. T.; SOUZA, F. M.";2021;10.1590/0103-6513.20210045;Artigo;Português;Não;—;Não;CE2/CE3: Mineração e setor industrial pesado, sem ferramentas de software de GP;—;—;—;Não;Fora do escopo (CE2/CE3: Indústria pesada)
021;SciELO;SC3;Aplicação do Guia PMBOK em Obras de Edificações Hospitalares;"CARVALHO, V. N.; LIMA, B. J.";2020;10.1590/s1678-86212020000300432;Artigo;Português;Não;—;Não;CE3: Engenharia civil hospitalar sem componente de ferramentas computacionais;—;—;—;Não;Fora do escopo (CE3: Obras hospitalares)
022;Google Acadêmico;GS1;Syllabus and Course Notes: Introduction to Agile Project Management with Jira;BROWN, H.;2022;https://university.edu/course_notes_pm.pdf;Material Didático;Inglês;Não;—;Não;CE3: Notas de aula/material didático sem caráter de publicação científica;—;—;—;Não;Fora do escopo (CE3: Material didático)
023;Google Acadêmico;GS2;Comparativo Comercial entre Monday.com, Asana e Trello para Pequenos Escritórios;RODRIGUES, E. C.;2023;https://bloggestao.com.br/comparativo-softwares;Texto Comercial / Blog;Português;Não;—;Não;CE3: Material puramente promocional/comercial sem rigor técnico ou científico;—;—;—;Não;Fora do escopo (CE3: Comercial)
024;UFSC;UF2;Implantação de Escritório de Gerenciamento de Projetos (PMO) no Setor Público;MELLO, P. H.;2019;Repositório Institucional UFSC;Dissertação;Português;Não;—;Não;CE2: Governança pública sem discussão de sistemas computacionais de suporte;—;—;—;Não;Fora do escopo (CE2: PMO público sem software)
025;UFPB;PB2;Análise da Gestão de Riscos Segundo o PMBOK em Empresas de Telecomunicações;GOMES, T. S.;2021;Repositório Institucional UFPB;TCC;Português;Não;—;Não;CE2: Foco estrito em riscos contratuais sem RH ou arquitetura de software;—;—;—;Não;Fora do escopo (CE2: Riscos de contratos)
026;IEEE Xplore;IEEE-01;Automated Human Resource Allocation in Agile Software Teams Using Machine Learning;"ZHOU, X.; CHEN, K.";2024;10.1109/TSW.2024.1029381;Conference;Inglês;Não;—;Sim;—;Não;—;—;Não;CE4: Texto completo não recuperado (acesso restrito/paywall sem convênio)
027;SciELO;SC4;Mapeamento de Equipes Multidisciplinares em Projetos Tecnológicos;MARTINEZ, D. F.;2022;10.1590/scielo.2022.0918;Artigo;Espanhol;Não;—;Sim;—;Não;—;—;Não;CE4: Texto completo inacessível (link corrompido na base)
028;IEEE Xplore;IEEE-01;Integer Linear Programming for Task Scheduling in Agile Software Projects;"SMITH, J.; WILSON, R.";2023;10.1109/ICSE.2023.9876543;Conference;Inglês;Não;—;Sim;—;Sim;Sim;Alocação puramente mecanicista de tarefas sem modelo de competências (CHA), fatores humanos ou liderança;Não;Elegibilidade: Abordagem puramente mecanicista de horas/linear programming sem competências
029;IEEE Xplore;IEEE-01;Empirical Evaluation of Commercial Project Management Cloud Tools in Enterprise Environments;"JOHNSON, M.; LEE, C.";2024;10.1109/ACCESS.2024.1122334;Journal;Inglês;Não;—;Sim;—;Sim;Sim;Ferramentas proprietárias comerciais fechadas sem especificação de arquitetura de software ou banco de dados;Não;Elegibilidade: Ferramentas proprietárias fechadas sem código ou arquitetura aberta
030;SciELO;SC6;Competências Comportamentais de Gestores de Projetos em Empresas Familiares;"FERREIRA, G. H.; SILVEIRA, A. C.";2021;10.1590/0103-6513.20210088;Artigo;Português;Não;—;Sim;—;Sim;Sim;Abordagem puramente psicológica e comportamental sem sistema de informação ou artefato computacional;Não;Elegibilidade: Ausência de correlação com sistemas de software de GP
031;Google Acadêmico;GS1;The Conceptual Shift of PMBOK 7: Principles vs Processes in Software Teams;"DAVIS, K.; TAYLOR, P.";2022;10.1016/j.ijproman.2022.04.005;Artigo;Inglês;Não;—;Sim;—;Sim;Sim;Ensaio teórico puramente conceitual sem desenvolvimento de artefato, ferramenta ou validação empírica;Não;Elegibilidade: Ensaio teórico sem desenvolvimento de artefato computacional
032;Google Acadêmico;GS2;Uso de Quadros Físicos Kanban e Post-its na Facilitação de Reuniões Diárias em Equipes Ágeis;"BARBOSA, F. L.; CASTRO, R. S.";2023;https://revistas.unifesp.br/artigo_kanban_fisico;Artigo;Português;Não;—;Sim;—;Sim;Sim;Foco exclusivo em práticas ágeis analógicas (quadro físico de post-its) sem suporte de software ou banco de dados;Não;Elegibilidade: Prática ágil exclusivamente manual sem ferramenta de software
033;UFSC;UF3;Diagnóstico do Processo de Recrutamento em Startups de Tecnologia da Informação;NASCIMENTO, C. V.;2022;Repositório Institucional UFSC;TCC;Português;Não;—;Sim;—;Sim;Sim;Foco restrito a processos burocráticos de contratação sem suporte a ferramentas de GP ou alocação de equipes;Não;Elegibilidade: Processos de RH desvinculados de ferramentas de GP
034;IFC / Pergamum;IFC2;Aplicação do Guia PMBOK 6ª Edição no Planejamento de Infraestrutura de Rede Local;VIEIRA, D. R.;2020;Biblioteca IFC;Monografia;Português;Não;—;Sim;—;Sim;Sim;Foco estrito em instalação de cabeamento e switches de rede sem sistema de software de gestão ou modelo de pessoas;Não;Elegibilidade: Infraestrutura de hardware sem módulo de GP ou RH
035;UFPB;PB4;Mapeamento de Competências Docentes no Ensino Remoto Emergencial;PONTES, M. K.;2021;Repositório Institucional UFPB;Dissertação;Português;Não;—;Sim;—;Sim;Sim;Escopo estritamente pedagógico educacional sem relação com gestão de projetos de software;Não;Elegibilidade: Foco educacional sem interface com sistemas de GP
036;Unilasalle;UL3;Clima Organizacional e Retenção de Talentos em Pequenas Empresas de Serviços;TEIXEIRA, J. P.;2023;Periódicos Unilasalle;Artigo;Português;Não;—;Sim;—;Sim;Sim;Pesquisa de clima organizacional sem sistema de informação ou módulo de software de gestão de equipes;Não;Elegibilidade: Clima organizacional sem ferramentas computacionais
