TABLE_NAME	COLUMN_NAME	CONSTRAINT_NAME	REFERENCED_TABLE_NAME	REFERENCED_COLUMN_NAME
dotp_acquisition_planning	project_id	FK_PROJECT_QUALITY	dotp_projects	project_id
dotp_communication_issuing	communication_stakeholder_id	fk_communication_issuing	dotp_contacts	contact_id
dotp_tasks_workpackages	task_id	fk_task_eap_item	dotp_tasks	task_id
dotp_human_resource_allocation	human_resource_id	dotp_human_resource_allocation_ibfk_1	dotp_human_resource	human_resource_id
dotp_human_resource_allocation	project_tasks_estimated_roles_id	dotp_human_resource_allocation_ibfk_2	dotp_project_tasks_estimated_roles	id
dotp_wbs_dictionary	wbs_item_id	FK_WBS_ITEM_DICTIONARY	dotp_project_eap_items	id
dotp_project_tasks_estimations	task_id	fk_estimation_task_attributes	dotp_tasks	task_id
dotp_quality_assurance_item	quality_planning_id	FK_PROJECT_QUALITY_ASSURANCE_ITEM	dotp_quality_planning	id
dotp_acquisition_execution	project_id	FK_PROJECT_AQC_EXE	dotp_projects	project_id
dotp_budget	budget_project_id	fk_budget_project_id	dotp_projects	project_id
dotp_costs	cost_human_resource_id	fk_cost_human_resource_id	dotp_human_resource	human_resource_id
dotp_costs	cost_human_resource_role_id	fk_cost_human_resource_role_id	dotp_human_resources_role	human_resources_role_id
dotp_costs	cost_project_id	fk_cost_project_id	dotp_projects	project_id
dotp_scope_requirements_managplan	project_id	dotp_scope_requirements_managplan_ibfk_1	dotp_projects	project_id
dotp_raci	human_resource_id	dotp_raci_human_resource_id_foreign	dotp_human_resource	human_resource_id
dotp_raci	project_id	dotp_raci_project_id_foreign	dotp_projects	project_id
dotp_eap_item_estimations	eap_item_id	fk_estimation_eap_item	dotp_project_eap_items	id
dotp_task_minute_members	task_minute_id	fk_task_minute_partipant_task	dotp_project_minutes	id
dotp_task_minute_members	user_id	fk_task_minute_partipant_user	dotp_contacts	contact_id
dotp_human_resource_performance	company_id	dotp_human_resource_performance_company_id_foreign	dotp_companies	company_id
dotp_human_resource_performance	human_resource_id	dotp_human_resource_performance_human_resource_id_foreign	dotp_human_resource	human_resource_id
dotp_quality_control_metric	question_id	FK_PROJECT_QUALITY_METRIC	dotp_quality_control_analiysis_question	id
dotp_human_resource_skills	human_resource_id	dotp_human_resource_skills_human_resource_id_foreign	dotp_human_resource	human_resource_id
dotp_human_resource_skills	skill_id	dotp_human_resource_skills_skill_id_foreign	dotp_skills	skill_id
dotp_project_ear_items	project_id	fk_ear_item_project	dotp_projects	project_id
dotp_quality_control_goal	quality_planning_id	FK_PROJECT_QUALITY_CONTROL_GOAL	dotp_quality_planning	id
dotp_project_tasks_estimated_roles	role_id	fk_estimation_roles	dotp_company_role	id
dotp_project_tasks_estimated_roles	task_id	fk_estimation_task_roles	dotp_tasks	task_id
dotp_quality_control_analiysis_question	goal_id	FK_PROJECT_QUALITY_GOAL_QUESTION	dotp_quality_control_goal	id
dotp_project_minutes	project_id	fk_minute_project	dotp_projects	project_id
dotp_acquisition_planning_roles	acquisition_id	FK_ACQUISITION_ROLE	dotp_acquisition_planning	id
dotp_scope_requirements	req_categ_prefix_id	dotp_scope_requirements_ibfk_1	dotp_scope_requirement_categories	req_categ_prefix_id
dotp_scope_requirements	req_priority_id	dotp_scope_requirements_ibfk_2	dotp_scope_requirement_priorities	req_priority_id
dotp_scope_requirements	req_status_id	dotp_scope_requirements_ibfk_3	dotp_scope_requirement_status	req_status_id
dotp_scope_requirements	eapitem_id	dotp_scope_requirements_ibfk_4	dotp_project_eap_items	id
dotp_scope_requirements	project_id	dotp_scope_requirements_ibfk_5	dotp_projects	project_id
dotp_company_policies	company_policies_company_id	dotp_company_policies_ibfk_1	dotp_companies	company_id
dotp_acquisition_planning_criteria	acquisition_id	FK_ACQUISITION_CRITERIA	dotp_acquisition_planning	id
dotp_quality_control_requirement	quality_planning_id	FK_PROJECT_QUALITY_CONTROL_REQUIREMENT	dotp_quality_planning	id
dotp_human_resource_roles	human_resources_role_id	dotp_human_resource_roles_ibfk_1	dotp_human_resources_role	human_resources_role_id
dotp_human_resource_roles	human_resource_id	dotp_human_resource_roles_ibfk_2	dotp_human_resource	human_resource_id
dotp_need_for_training	project_id	FK_PROJECT_NEED_FOR_TRAINING	dotp_projects	project_id
dotp_communication_receptor	communication_stakeholder_id	fk_communication_receptor	dotp_contacts	contact_id
dotp_quality_planning	project_id	FK_PROJECT_ACQUISITION	dotp_projects	project_id
dotp_tasks_mdp	task_id	fk_mdp_task	dotp_tasks	task_id
dotp_human_resources_role	human_resources_role_company_id	dotp_human_resources_role_ibfk_1	dotp_companies	company_id
dotp_acquisition_planning_requirements	acquisition_id	FK_AQUISITION_REQUIREMENT	dotp_acquisition_planning	id
dotp_human_resource	human_resource_user_id	dotp_human_resource_ibfk_1	dotp_users	user_id
dotp_project_eap_items	project_id	fk_eap_item_project	dotp_projects	project_id
dotp_budget_reserve	budget_reserve_project_id	fk_budget_reserve_project_id	dotp_projects	project_id
dotp_scope_statement	project_id	dotp_scope_statement_ibfk_1	dotp_projects	project_id
dotp_company_role	company_id	fk_role_company	dotp_companies	company_id
